{"best_lambda": 1.6300000000000001, "best_validation_accuracy": 0.9771428571428571}