{"best_lambda": 1.6600000000000001, "best_validation_accuracy": 0.9891428571428571}