,Baseline,IC
Accuracy,0.9868571428571429,0.98
Balanced Accuracy,0.9868571428571428,0.9800000000000001
Macro Precision,0.9874801914386169,0.9807644498134312
Macro Recall,0.9868571428571428,0.9800000000000001
Macro F1,0.9869099346988405,0.9798105955908837
Recall_BENIGN,0.996,0.896
Recall_Bot,0.95,0.994
Recall_BruteForce,1.0,1.0
Recall_DDoS,1.0,1.0
Recall_DoS,1.0,0.98
Recall_PortScan,0.974,0.992
Recall_WebAttack,0.988,0.998
