,Baseline,IC
Accuracy,0.9682857142857143,0.974
Balanced Accuracy,0.9682857142857143,0.974
Macro Precision,0.9731345872938716,0.9749441907754205
Macro Recall,0.9682857142857143,0.974
Macro F1,0.969156859322217,0.9737992889635393
Recall_BENIGN,1.0,0.96
Recall_Bot,0.91,0.996
Recall_BruteForce,0.978,0.988
Recall_DDoS,1.0,1.0
Recall_DoS,0.948,0.89
Recall_PortScan,0.966,0.99
Recall_WebAttack,0.976,0.994
