,Baseline,IC
Accuracy,0.9825714285714285,0.9902857142857143
Balanced Accuracy,0.9825714285714285,0.9902857142857143
Macro Precision,0.9837043315253216,0.9903717601512156
Macro Recall,0.9825714285714285,0.9902857142857143
Macro F1,0.9826672566100161,0.9902685568993512
Recall_BENIGN,0.996,0.962
Recall_Bot,0.932,0.994
Recall_BruteForce,0.998,1.0
Recall_DDoS,1.0,1.0
Recall_DoS,1.0,0.99
Recall_PortScan,0.968,0.99
Recall_WebAttack,0.984,0.996
