,Baseline,IC
Accuracy,0.6054285714285714,0.8828571428571429
Balanced Accuracy,0.6054285714285715,0.8828571428571428
Macro Precision,0.892835391899016,0.9003960498308544
Macro Recall,0.6054285714285715,0.8828571428571428
Macro F1,0.5938589580103778,0.8847103915346802
Recall_BENIGN,1.0,0.918
Recall_Bot,0.08,0.956
Recall_BruteForce,0.752,0.962
Recall_DDoS,0.838,0.9
Recall_DoS,0.804,0.732
Recall_PortScan,0.71,0.816
Recall_WebAttack,0.054,0.896
