,Baseline,IC
Accuracy,0.6817142857142857,0.9517142857142857
Balanced Accuracy,0.6817142857142856,0.9517142857142857
Macro Precision,0.7534485808363768,0.9577928318880061
Macro Recall,0.6817142857142856,0.9517142857142857
Macro F1,0.6328142064830907,0.9524815614403863
Recall_BENIGN,0.998,0.976
Recall_Bot,0.0,0.834
Recall_BruteForce,0.958,0.968
Recall_DDoS,1.0,1.0
Recall_DoS,0.986,0.988
Recall_PortScan,0.754,0.942
Recall_WebAttack,0.076,0.954
