,Baseline,IC
Accuracy,0.9142857142857143,0.9454285714285714
Balanced Accuracy,0.9142857142857144,0.9454285714285715
Macro Precision,0.9365766915835787,0.9500458166441907
Macro Recall,0.9142857142857144,0.9454285714285715
Macro F1,0.9177316178191675,0.9458739919822443
Recall_BENIGN,0.982,0.876
Recall_Bot,0.834,0.97
Recall_BruteForce,0.968,0.968
Recall_DDoS,0.974,1.0
Recall_DoS,0.972,0.994
Recall_PortScan,0.774,0.87
Recall_WebAttack,0.896,0.94
