,Baseline,IC
Accuracy,0.9191428571428572,0.9325714285714286
Balanced Accuracy,0.9191428571428572,0.9325714285714285
Macro Precision,0.939051697399762,0.9353269463149323
Macro Recall,0.9191428571428572,0.9325714285714285
Macro F1,0.9229657561185539,0.933102859684012
Recall_BENIGN,0.978,0.904
Recall_Bot,0.834,0.888
Recall_BruteForce,0.964,0.968
Recall_DDoS,0.984,1.0
Recall_DoS,0.948,0.976
Recall_PortScan,0.83,0.88
Recall_WebAttack,0.896,0.912
