lambda,accuracy
0.01,0.9222857142857143
0.0,0.9211428571428572
2.0,0.8591428571428571
0.0,0.9211428571428572
1.0,0.9405714285714286
1.01,0.94
0.99,0.9397142857142857
1.0,0.9405714285714286
