lambda,accuracy
0.01,0.9108571428571428
0.0,0.9108571428571428
2.0,0.8737142857142857
0.0,0.9108571428571428
1.0,0.9265714285714286
1.01,0.9262857142857143
0.99,0.9251428571428572
1.0,0.9265714285714286
