,Baseline,IC
Accuracy,0.6902857142857143,0.8411428571428572
Balanced Accuracy,0.6902857142857143,0.8411428571428571
Macro Precision,0.7904868425176205,0.8428832533928377
Macro Recall,0.6902857142857143,0.8411428571428571
Macro F1,0.6834153677674154,0.8411685480949435
Recall_Aspen,0.282,0.872
Recall_Cottonwood_Willow,0.562,0.908
Recall_Douglas_fir,0.522,0.83
Recall_Krummholz,0.84,0.952
Recall_Lodgepole_Pine,0.908,0.796
Recall_Ponderosa_Pine,0.886,0.708
Recall_Spruce_Fir,0.832,0.822
