epoch,train_loss,train_acc,val_loss,val_acc
1,0.6865806000196903,0.7756463719766472,1.4702171984173003,0.4666666666666667
2,0.4249737795140964,0.8472685571309424,1.2898591291336787,0.580952380952381
3,0.34681235762115714,0.8755212677231026,1.2884899338086446,0.5428571428571428
4,0.30577413397246944,0.8886572143452878,1.0202223374730064,0.6285714285714286
5,0.2540909038970031,0.906067556296914,1.5455408016840617,0.5666666666666667
6,0.21903801201730097,0.9199332777314428,1.4794481334232148,0.5666666666666667
7,0.19552973345282476,0.9288990825688074,1.0941866976874215,0.6952380952380952
8,0.1769508677686225,0.9343202668890742,1.3620824200766428,0.6047619047619047
