{"best_lambda": 1.3900000000000001, "best_validation_accuracy": 0.9608571428571429}