,Baseline,IC
Accuracy,0.9148571428571428,0.9465714285714286
Balanced Accuracy,0.9148571428571429,0.9465714285714285
Macro Precision,0.9426441174577536,0.9505823522114248
Macro Recall,0.9148571428571429,0.9465714285714285
Macro F1,0.9206450460370783,0.9464964731507578
Recall_BENIGN,0.994,0.94
Recall_Bot,0.816,0.968
Recall_BruteForce,0.96,0.96
Recall_DDoS,0.968,0.98
Recall_DoS,0.848,0.818
Recall_PortScan,0.894,0.964
Recall_WebAttack,0.924,0.996
