,Baseline,IC
Accuracy,0.9451428571428572,0.9602857142857143
Balanced Accuracy,0.9451428571428571,0.9602857142857142
Macro Precision,0.9563328906271724,0.9628387264606527
Macro Recall,0.9451428571428571,0.9602857142857142
Macro F1,0.9467778816242003,0.9598307249763226
Recall_BENIGN,0.99,0.832
Recall_Bot,0.826,0.996
Recall_BruteForce,0.972,0.97
Recall_DDoS,0.998,1.0
Recall_DoS,0.99,0.946
Recall_PortScan,0.904,0.988
Recall_WebAttack,0.936,0.99
