,Baseline,IC
Accuracy,0.9491428571428572,0.9562857142857143
Balanced Accuracy,0.9491428571428572,0.9562857142857142
Macro Precision,0.9578053099162217,0.9596033845700347
Macro Recall,0.9491428571428572,0.9562857142857142
Macro F1,0.9504014622353031,0.9559313943450637
Recall_BENIGN,0.982,0.82
Recall_Bot,0.834,0.996
Recall_BruteForce,0.966,0.96
Recall_DDoS,0.982,0.984
Recall_DoS,0.994,0.968
Recall_PortScan,0.95,0.97
Recall_WebAttack,0.936,0.996
