lambda,accuracy
0.01,0.9102857142857143
0.0,0.9091428571428571
2.0,0.75
0.0,0.9091428571428571
1.0,0.9434285714285714
1.01,0.9425714285714286
0.99,0.9434285714285714
1.5,0.9137142857142857
1.51,0.9134285714285715
1.49,0.9142857142857143
1.25,0.9314285714285714
1.26,0.9311428571428572
1.24,0.9334285714285714
1.12,0.942
1.1300000000000001,0.9417142857142857
1.11,0.9414285714285714
1.12,0.942
