{"best_lambda": 1.9000000000000001, "best_validation_accuracy": 0.8945714285714286}