,Baseline,IC
Accuracy,0.8677142857142857,0.92
Balanced Accuracy,0.8677142857142858,0.9199999999999999
Macro Precision,0.882537803935424,0.927091682551694
Macro Recall,0.8677142857142858,0.9199999999999999
Macro F1,0.8646853269930995,0.9202074558055023
Recall_BENIGN,0.952,0.796
Recall_Bot,0.512,0.96
Recall_BruteForce,0.972,0.97
Recall_DDoS,1.0,1.0
Recall_DoS,0.924,0.926
Recall_PortScan,0.822,0.848
Recall_WebAttack,0.892,0.94
