,Baseline,IC
Accuracy,0.7317142857142858,0.906
Balanced Accuracy,0.7317142857142857,0.9059999999999999
Macro Precision,0.9016482282408722,0.91882461092426
Macro Recall,0.7317142857142857,0.9059999999999999
Macro F1,0.716475417807806,0.9052597558107542
Recall_BENIGN,0.988,0.674
Recall_Bot,0.51,0.984
Recall_BruteForce,0.972,0.968
Recall_DDoS,0.998,0.984
Recall_DoS,0.92,0.906
Recall_PortScan,0.692,0.882
Recall_WebAttack,0.042,0.944
