,Baseline,IC
Accuracy,0.5277142857142857,0.8774285714285714
Balanced Accuracy,0.5277142857142857,0.8774285714285713
Macro Precision,0.8877153077630405,0.9133322706760014
Macro Recall,0.5277142857142857,0.8774285714285713
Macro F1,0.5200864265869868,0.8857572745238266
Recall_BENIGN,1.0,0.942
Recall_Bot,0.03,0.85
Recall_BruteForce,0.726,0.968
Recall_DDoS,0.63,0.806
Recall_DoS,0.822,0.832
Recall_PortScan,0.444,0.848
Recall_WebAttack,0.042,0.896
