{"best_lambda": 6.640000000000001, "best_validation_accuracy": 0.9688571428571429}