,Baseline,IC
Accuracy,0.9654285714285714,0.972
Balanced Accuracy,0.9654285714285714,0.9720000000000001
Macro Precision,0.9707257672401725,0.9731351384289625
Macro Recall,0.9654285714285714,0.9720000000000001
Macro F1,0.9658880484859856,0.971732865746566
Recall_BENIGN,0.998,0.874
Recall_Bot,0.848,0.996
Recall_BruteForce,0.996,0.974
Recall_DDoS,1.0,1.0
Recall_DoS,1.0,0.978
Recall_PortScan,0.97,0.988
Recall_WebAttack,0.946,0.994
