,Baseline,IC
Accuracy,0.9425714285714286,0.9422857142857143
Balanced Accuracy,0.9425714285714285,0.9422857142857143
Macro Precision,0.9577009024581561,0.9468852385190561
Macro Recall,0.9425714285714285,0.9422857142857143
Macro F1,0.9450968720408349,0.9417706848081933
Recall_BENIGN,0.998,0.902
Recall_Bot,0.8,0.996
Recall_BruteForce,0.964,0.962
Recall_DDoS,0.992,0.95
Recall_DoS,0.946,0.806
Recall_PortScan,0.96,0.992
Recall_WebAttack,0.938,0.988
