,Baseline,IC
Accuracy,0.9608571428571429,0.9734285714285714
Balanced Accuracy,0.9608571428571429,0.9734285714285714
Macro Precision,0.967775802747196,0.9744936972560297
Macro Recall,0.9608571428571429,0.9734285714285714
Macro F1,0.9614336569278737,0.9731285343168669
Recall_BENIGN,0.998,0.872
Recall_Bot,0.822,0.996
Recall_BruteForce,0.994,0.974
Recall_DDoS,1.0,1.0
Recall_DoS,0.998,0.988
Recall_PortScan,0.97,0.992
Recall_WebAttack,0.944,0.992
