,Baseline,IC
Accuracy,0.9717142857142858,0.9668571428571429
Balanced Accuracy,0.9717142857142856,0.9668571428571429
Macro Precision,0.9752450177048242,0.9681403855454809
Macro Recall,0.9717142857142856,0.9668571428571429
Macro F1,0.9719382766684121,0.9663637891763105
Recall_BENIGN,0.998,0.848
Recall_Bot,0.866,0.996
Recall_BruteForce,1.0,0.968
Recall_DDoS,1.0,1.0
Recall_DoS,1.0,0.982
Recall_PortScan,0.974,0.984
Recall_WebAttack,0.964,0.99
