,Baseline,IC
Accuracy,0.9225714285714286,0.9631428571428572
Balanced Accuracy,0.9225714285714286,0.9631428571428572
Macro Precision,0.9416179389610502,0.9650786514746758
Macro Recall,0.9225714285714286,0.9631428571428572
Macro F1,0.9258344001742114,0.9629422495718157
Recall_BENIGN,0.974,0.896
Recall_Bot,0.824,0.996
Recall_BruteForce,0.96,0.968
Recall_DDoS,0.986,1.0
Recall_DoS,0.99,0.994
Recall_PortScan,0.83,0.896
Recall_WebAttack,0.894,0.992
