,Baseline,IC
Accuracy,0.6957142857142857,0.898
Balanced Accuracy,0.6957142857142857,0.898
Macro Precision,0.9009114651255585,0.9158496562751461
Macro Recall,0.6957142857142857,0.898
Macro F1,0.6956975304034831,0.8984170880219893
Recall_BENIGN,0.998,0.948
Recall_Bot,0.506,0.996
Recall_BruteForce,0.752,0.752
Recall_DDoS,0.946,0.958
Recall_DoS,0.838,0.74
Recall_PortScan,0.776,0.95
Recall_WebAttack,0.054,0.942
