,Baseline,IC
Accuracy,0.9368571428571428,0.9662857142857143
Balanced Accuracy,0.9368571428571428,0.9662857142857142
Macro Precision,0.9494166080567946,0.9677268160548154
Macro Recall,0.9368571428571428,0.9662857142857142
Macro F1,0.9389852043059015,0.9661631192985521
Recall_BENIGN,0.962,0.886
Recall_Bot,0.834,0.996
Recall_BruteForce,0.968,0.968
Recall_DDoS,1.0,1.0
Recall_DoS,0.99,0.95
Recall_PortScan,0.872,0.978
Recall_WebAttack,0.932,0.986
