,Baseline,IC
Accuracy,0.8782857142857143,0.9634285714285714
Balanced Accuracy,0.8782857142857143,0.9634285714285714
Macro Precision,0.9229692854451431,0.9644352974182545
Macro Recall,0.8782857142857143,0.9634285714285714
Macro F1,0.8804828095149452,0.9632510849245753
Recall_BENIGN,0.962,0.882
Recall_Bot,0.514,0.99
Recall_BruteForce,0.964,0.968
Recall_DDoS,1.0,1.0
Recall_DoS,0.994,0.982
Recall_PortScan,0.82,0.948
Recall_WebAttack,0.894,0.974
