,Baseline,IC
Accuracy,0.6611428571428571,0.9582857142857143
Balanced Accuracy,0.6611428571428571,0.9582857142857143
Macro Precision,0.6127379219718367,0.9593043153389521
Macro Recall,0.6611428571428571,0.9582857142857143
Macro F1,0.6064148755727625,0.9581833151168737
Recall_BENIGN,1.0,0.904
Recall_Bot,0.0,0.952
Recall_BruteForce,0.958,0.97
Recall_DDoS,0.992,1.0
Recall_DoS,0.956,0.99
Recall_PortScan,0.722,0.894
Recall_WebAttack,0.0,0.998
